Accession ID	Virus Name	Collection Date	state	Lineage	AA Substitutions
EPI_ISL_15292973	hMpxV/Human/USA/AL-USAFSAM-M0001a/2022	2022-09-06	Alabama	IIb B.1.2	['A25R S839T', 'A45L S253L', 'B5R S293R', 'B21R D1604N', 'D7L S326L', 'F2L H40Y', 'I8R V400L']
EPI_ISL_15292974	hMpxV/Human/USA/AL-USAFSAM-M0001b/2022	2022-09-06	Alabama	IIb B.1.2	['B19R P69S', 'B21R D1604N', 'D7L S326L', 'F2L H40Y']
EPI_ISL_15889180	hMpxV/USA/AL-CDC-0001/2022	2022-08-01	Alabama	IIb B.1.7	['A37R D72B', 'C3L E42K', 'E6R G4E', 'E11L D605N']
EPI_ISL_16183650	hMpxV/USA/AK-CDC-0002/2022	2022-07-01	Alaska	IIb B.1.1	['A15L S65F', 'B21R S1590F', 'G10R R194H', 'O2L E141K']
EPI_ISL_16183649	hMpxV/USA/AK-CDC-0001/2022	2022-08-01	Alaska	IIb B.1.1	['B21R S1590F', 'D19L E150K', 'G10R R194H', 'O2L E141K']
EPI_ISL_15455851	hMpxV/USA/AZ-CDC-0004/2022	2022-07-01	Arizona	IIb B.1	
EPI_ISL_15317155	hMpxV/USA/AZ-CDC-0002/2022	2022-07-01	Arizona	IIb B.1	
EPI_ISL_16751132	hMpxV/USA/AZ-CDC-0008/2022	2022-09-01	Arizona	IIb B.1	['A37R H136Y', 'B7R D52N', 'D1L R359K', 'L6R L640F', 'N4R R359K']
EPI_ISL_14362289	hMpxV/USA/AZ-CDC-0001/2022	2022-06-01	Arizona	IIb B.1	['B5R E46K']
EPI_ISL_15617336	hMpxV/USA/AZ-CDC-0006/2022	2022-08-01	Arizona	IIb B.1	['A28L D372del', 'B7R D52N', 'B12R S274L', 'D1L R359K', 'D7L L12F', 'N4R R359K']
EPI_ISL_15317151	hMpxV/USA/AZ-CDC-0003/2022	2022-07-01	Arizona	IIb B.1.13	['B9R E193K', 'B16R D188N', 'O2L H116Y', 'Q1L S655L']
EPI_ISL_16183651	hMpxV/USA/AZ-CDC-0007/2022	2022-09-01	Arizona	IIb B.1.2	['B21R D1604N', 'E11L D613N', 'F2L H40Y']
EPI_ISL_15617335	hMpxV/USA/AR-CDC-0002/2022	2022-08-01	Arkansas	IIb B.1.2	['A47R R74C', 'B21R D1604N', 'I1L E32K']
EPI_ISL_15317143	hMpxV/USA/AR-CDC-0001/2022	2022-07-01	Arkansas	IIb B.1.8	['C9L E176K', 'D1L Q188stop', 'M5R D124N', 'N4R Q188stop', 'O2L H173Y']
EPI_ISL_16997464	hMpxV/USA/CA-LACPHL-MA00415/2022	2022-12-05	California	IIb B.1	['A11L E379K', 'A28L S131F', 'B17R E452K', 'C19L A290V']
EPI_ISL_16997465	hMpxV/USA/CA-LACPHL-MA00417/2022	2022-12-12	California	IIb B.1	
EPI_ISL_16997471	hMpxV/USA/CA-LACPHL-MA00418/2022	2022-12-14	California	IIb B.1	['C19L N267del']
EPI_ISL_16997460	hMpxV/USA/CA-LACPHL-MA00410/2023	2023-01-03	California	IIb B.1	['C17L A227T']
EPI_ISL_16997461	hMpxV/USA/CA-LACPHL-MA00411/2023	2023-01-04	California	IIb B.1	['D7L R268stop', 'I4L F454I', 'J1L Q22stop', 'J3R Q22stop']
EPI_ISL_16997470	hMpxV/USA/CA-LACPHL-MA00453/2022	2022-11-11	California	IIb B.1	
EPI_ISL_16997469	hMpxV/USA/CA-LACPHL-MA00406/2023	2023-01-09	California	IIb B.1	['A7L S330L', 'J2L M1I', 'J2R M1I']
EPI_ISL_16997462	hMpxV/USA/CA-LACPHL-MA00412/2023	2023-01-05	California	IIb B.1	['C2L S62L', 'C19L H29Y', 'O2L D166N']
EPI_ISL_16997466	hMpxV/USA/CA-LACPHL-MA00403/2023	2023-01-06	California	IIb B.1.17	['B14R D71N', 'C19L N267del', 'G6R R24Q']
EPI_ISL_16997463	hMpxV/USA/CA-LACPHL-MA00419/2022	2022-11-22	California	IIb B.1.2	['A7L D277N', 'A25R E276K', 'B7R S4L', 'B21R D1604N', 'D1L A261V', 'G8L D12N', 'N4R A261V']
EPI_ISL_16997467	hMpxV/USA/CA-LACPHL-MA00404/2023	2023-01-10	California	IIb B.1.2	['A11L M498V', 'B6R S37L', 'B21R D1604N', 'C2L S57L', 'C6R D61N']
EPI_ISL_16997468	hMpxV/USA/CA-LACPHL-MA00405/2023	2023-01-10	California	IIb B.1.2	['A11L M498V', 'B6R S37L', 'B21R D1604N', 'C2L S57L', 'C6R D61N']
EPI_ISL_16987300	hMpxV/USA/CO-CDC-0004/2022	2022-11-01	Colorado	IIb B.1	['A12R E213K', 'A28L D367del', 'A28L D368del', 'A28L D369del', 'A28L D372del', 'A28L D373del', 'A28L I370del', 'A28L I371del', 'F8L R366K']
EPI_ISL_16987301	hMpxV/USA/CO-CDC-0005/2022	2022-11-01	Colorado	IIb B.1.2	['B21R D1604N', 'E1R T791I']
EPI_ISL_14487654	hMpxV/USA/CO-CDC-0006/2022	2022-06-01	Colorado	IIb B.1.7	['B21R S1872F', 'C3L E42K']
EPI_ISL_16006561	hMpxV/USA/DE-DPH-B1118436/2022	2022-10-02	Delaware	IIb B.1	['A28L D372del', 'E3R S147L']
EPI_ISL_16006562	hMpxV/USA/DE-DPH-B1221119/2022	2022-11-08	Delaware	IIb B.1.2	['A31L M257I', 'B21R D1604N', 'E13L E317K', 'F2L H40Y']
EPI_ISL_16006563	hMpxV/USA/DE-DPH-B1221120/2022	2022-11-09	Delaware	IIb B.1.2	['A31L M257I', 'B21R D1604N', 'F2L H40Y']
EPI_ISL_16006560	hMpxV/USA/DE-DPH-B1118431/2022	2022-09-22	Delaware	IIb B.1.7	['A12R D214N', 'A28L D372del', 'C3L E42K']
EPI_ISL_16751140	hMpxV/USA/IN-CDC-0006/2022	2022-09-01	Indiana	IIb B.1.1	['A28L D372del', 'F8L S736L', 'G10R R194H', 'O1L H100R']
EPI_ISL_15317153	hMpxV/USA/IN-CDC-0005/2022	2022-07-01	Indiana	IIb B.1.11	['A31L R276W', 'B2R E121K']
EPI_ISL_15661045	hMpxV/USA/MD-JH-17/2030	2022-07-18	Maryland	IIb B.1	['J1L L105S', 'J1R N264D', 'J2L F54S', 'J2R F54S', 'J3L N264D', 'J3R L105S']
EPI_ISL_15660895	hMpxV/USA/MD-JH-14/2027	2022-07-29	Maryland	IIb B.1	['G1L S443L', 'J1L L105S', 'J1R N264D', 'J2L F54S', 'J2R F54S', 'J3L N264D', 'J3R L105S']
EPI_ISL_15889188	hMpxV/USA/MD-CDC-0007/2022	2022-09-01	Maryland	IIb B.1	['A38R S70L', 'B11R S179L', 'D1L D18N', 'G5R D368N', 'M4R S188F', 'N4R D18N']
EPI_ISL_15660926	hMpxV/USA/MD-JH-15/2028	2022-07-29	Maryland	IIb B.1	['J1L L105S', 'J1R N264D', 'J2L F54S', 'J2R F54S', 'J3L N264D', 'J3R L105S', 'M4R S188F']
EPI_ISL_15661046	hMpxV/USA/MD-JH-3/2032	2022-07-06	Maryland	IIb B.1.2	['B21R D1604N', 'J1L L105S', 'J1R N264D', 'J2L F54S', 'J2R F54S', 'J3L N264D', 'J3R L105S']
EPI_ISL_15889187	hMpxV/USA/MD-CDC-0006/2022	2022-08-01	Maryland	IIb B.1.7	['A38R S7L', 'B10R S141L', 'C3L E42K', 'D6L S61L']
EPI_ISL_15912210	hMpxV/USA/MA-MSPHL-0178/2022	2022-01-01	Massachusetts	IIb B.1	['A8L F351L', 'C17L D102B', 'D5R R213Q', 'F2L E262K']
EPI_ISL_15912211	hMpxV/USA/MA-MSPHL-0180/2022	2022-01-01	Massachusetts	IIb B.1	['C9L E127K']
EPI_ISL_15912207	hMpxV/USA/MA-MSPHL-0175/2022	2022-01-01	Massachusetts	IIb B.1	['A8L F351L', 'A27L E472K', 'C15L F63C', 'F2L G101R']
EPI_ISL_15912206	hMpxV/USA/MA-MSPHL-0172/2022	2022-01-01	Massachusetts	IIb B.1	['A8L F351L', 'D7L N25S']
EPI_ISL_15912208	hMpxV/USA/MA-MSPHL-0176/2022	2022-01-01	Massachusetts	IIb B.1	['A51R D168N', 'B17R D353N', 'C15L F63C', 'C18L E111K']
EPI_ISL_15912209	hMpxV/USA/MA-MSPHL-0177/2022	2022-01-01	Massachusetts	IIb B.1	['A51R D168N', 'B17R D353N', 'C15L F63C', 'C18L E111K']
EPI_ISL_16183637	hMpxV/USA/OR-CDC-0006/2022	2022-08-01	Oregon	IIb B.1	['B12R E111K', 'H4L V727A']
EPI_ISL_16987286	hMpxV/USA/OR-CDC-0008/2022	2022-06-01	Oregon	IIb B.1	['A47R S111L', 'D5R R126K']
EPI_ISL_16987285	hMpxV/USA/OR-CDC-0007/2022	2022-06-01	Oregon	IIb B.1.1	['G10R R194H']
